{
    "rmse": 0.7972547559809954,
    "mae": 0.6523043449368193,
    "r2": 0.04551933622217008
}