{
    "rmse": 0.8064753058622175,
    "mae": 0.6642110731272726,
    "r2": 0.023313814109295228
}